{
    "count": 23943,
    "provider": "fivegen",
    "results": [
        {
            "id": "8d8e1306-2d4c-4d83-8866-b4223119be86",
            "origin_screenshot_id": "8d8e1306-2d4c-4d83-8866-b4223119be86",
            "device": "8023c339-90a0-4224-be1b-57a07228b457",
            "camera": "5e5b9944-4f9e-4223-bf96-0bc0c8a93dfa",
            "create_timestamp": 1751342282,
            "image": "https://iipm-echd.mos.ru/odh/8023c339-90a0-4224-be1b-57a07228b457/500eec76-37ac-4d6c-9d96-849bf418c66f/8d8e1306-2d4c-4d83-8866-b4223119be86",
            "image_type": 0,
            "issues": [
                {
                    "id": 0,
                    "label": "18-001",
                    "score": 0.8290257453918457,
                    "event_timestamp": 1751342291,
                    "bbox": {
                        "x": 1593,
                        "y": 521,
                        "w": 149,
                        "h": 517
                    },
                    "latitude": null,
                    "longitude": null
                }
            ],
            "latitude": 56.850597,
            "longitude": 53.234409,
            "angle": 161,
            "speed": 10.77864,
            "valid": false,
            "height": null,
            "ptz_position": null
        },
        {
            "id": "15b8bee9-54a1-4b56-9188-cdf0206833f0",
            "origin_screenshot_id": "15b8bee9-54a1-4b56-9188-cdf0206833f0",
            "device": "63ea7ec2-3484-4f2f-9e95-7d3048f298d6",
            "camera": "cbf95b01-f708-45a3-9ec0-3603469b538e",
            "create_timestamp": 1754023266,
            "image": "https://iipm-echd.mos.ru/odh/63ea7ec2-3484-4f2f-9e95-7d3048f298d6/2165d993-20c7-4889-9a57-553cf22c5ac3/15b8bee9-54a1-4b56-9188-cdf0206833f0",
            "image_type": 0,
            "issues": [
                {
                    "id": 0,
                    "label": "00-022",
                    "score": 0.6887798309326172,
                    "event_timestamp": 1754023277,
                    "bbox": {
                        "x": 662,
                        "y": 217,
                        "w": 295,
                        "h": 217
                    },
                    "latitude": null,
                    "longitude": null
                }
            ],
            "latitude": 55.97218,
            "longitude": 37.44981,
            "angle": 291,
            "speed": 71.0668,
            "valid": false,
            "height": null,
            "ptz_position": null
        },
        {
            "id": "25073a6e-d418-44b3-9d00-77db20f635b4",
            "origin_screenshot_id": "25073a6e-d418-44b3-9d00-77db20f635b4",
            "device": "63ea7ec2-3484-4f2f-9e95-7d3048f298d6",
            "camera": "cbf95b01-f708-45a3-9ec0-3603469b538e",
            "create_timestamp": 1754023445,
            "image": "https://iipm-echd.mos.ru/odh/63ea7ec2-3484-4f2f-9e95-7d3048f298d6/7afa0dd9-f3fa-4b46-a9bb-885f89d99df1/25073a6e-d418-44b3-9d00-77db20f635b4",
            "image_type": 0,
            "issues": [
                {
                    "id": 0,
                    "label": "00-022",
                    "score": 0.7224383354187012,
                    "event_timestamp": 1754023454,
                    "bbox": {
                        "x": 860,
                        "y": 405,
                        "w": 172,
                        "h": 258
                    },
                    "latitude": null,
                    "longitude": null
                }
            ],
            "latitude": 55.97218,
            "longitude": 37.44981,
            "angle": 291,
            "speed": 71.0668,
            "valid": false,
            "height": null,
            "ptz_position": null
        },
        {
            "id": "086dfadf-9cf7-4e35-888b-02fb5a3b77c1",
            "origin_screenshot_id": "086dfadf-9cf7-4e35-888b-02fb5a3b77c1",
            "device": "63ea7ec2-3484-4f2f-9e95-7d3048f298d6",
            "camera": "cbf95b01-f708-45a3-9ec0-3603469b538e",
            "create_timestamp": 1754023463,
            "image": "https://iipm-echd.mos.ru/odh/63ea7ec2-3484-4f2f-9e95-7d3048f298d6/691a74db-bf5b-4192-b1f5-e052edbd614f/086dfadf-9cf7-4e35-888b-02fb5a3b77c1",
            "image_type": 0,
            "issues": [
                {
                    "id": 0,
                    "label": "00-022",
                    "score": 0.5597851276397705,
                    "event_timestamp": 1754023473,
                    "bbox": {
                        "x": 1186,
                        "y": 567,
                        "w": 345,
                        "h": 221
                    },
                    "latitude": null,
                    "longitude": null
                }
            ],
            "latitude": 55.97218,
            "longitude": 37.44981,
            "angle": 291,
            "speed": 71.0668,
            "valid": false,
            "height": null,
            "ptz_position": null
        },
        {
            "id": "f9cc04d6-ece4-4f09-bdf9-229b1f743936",
            "origin_screenshot_id": "f9cc04d6-ece4-4f09-bdf9-229b1f743936",
            "device": "63ea7ec2-3484-4f2f-9e95-7d3048f298d6",
            "camera": "cbf95b01-f708-45a3-9ec0-3603469b538e",
            "create_timestamp": 1754023725,
            "image": "https://iipm-echd.mos.ru/odh/63ea7ec2-3484-4f2f-9e95-7d3048f298d6/a9d3975a-3e4d-4b48-a9b6-f53e63006571/f9cc04d6-ece4-4f09-bdf9-229b1f743936",
            "image_type": 0,
            "issues": [
                {
                    "id": 0,
                    "label": "00-022",
                    "score": 0.9028792381286621,
                    "event_timestamp": 1754023734,
                    "bbox": {
                        "x": 1199,
                        "y": 374,
                        "w": 209,
                        "h": 241
                    },
                    "latitude": null,
                    "longitude": null
                }
            ],
            "latitude": 55.97218,
            "longitude": 37.44981,
            "angle": 291,
            "speed": 71.0668,
            "valid": false,
            "height": null,
            "ptz_position": null
        },
        {
            "id": "b9de70d9-2d31-4b7a-aff0-4b41971de5b4",
            "origin_screenshot_id": "b9de70d9-2d31-4b7a-aff0-4b41971de5b4",
            "device": "63ea7ec2-3484-4f2f-9e95-7d3048f298d6",
            "camera": "cbf95b01-f708-45a3-9ec0-3603469b538e",
            "create_timestamp": 1754023861,
            "image": "https://iipm-echd.mos.ru/odh/63ea7ec2-3484-4f2f-9e95-7d3048f298d6/6dcbbdb2-1aee-49b6-96d4-2cb461d29c3d/b9de70d9-2d31-4b7a-aff0-4b41971de5b4",
            "image_type": 0,
            "issues": [
                {
                    "id": 0,
                    "label": "00-022",
                    "score": 0.5017080307006836,
                    "event_timestamp": 1754023870,
                    "bbox": {
                        "x": 1292,
                        "y": 354,
                        "w": 41,
                        "h": 59
                    },
                    "latitude": null,
                    "longitude": null
                }
            ],
            "latitude": 55.97218,
            "longitude": 37.44981,
            "angle": 291,
            "speed": 71.0668,
            "valid": false,
            "height": null,
            "ptz_position": null
        }
    ]
}